variant,human_top1_percent
gg,44.0
cg,22.0
gc,13.333333333333334
cc,20.666666666666668
