variant,human_top1_percent
a,44.0
b,22.0
c,13.333333333333334
d,20.666666666666668
