gg>cg,cg>gg,gc>cc,cc>gc
62.666666666666664,37.333333333333336,47.333333333333336,52.666666666666664
